Video_Title,Post_Date,Views,Likes,Comments,Video_ID,thumbnails
IoTで作る！スマートホーム自動化入門,2023/7/17,29887,16211,1650,v_884936,https://doodleipsum.com/700x394/outline?bg=63C8D9&i=f3cbe7193809ac27eeb5dd92fcf5475a
Pythonで始めるデータ分析：初心者向けステップバイステップガイド,2023/8/8,463786,6065,1751,v_687322,https://doodleipsum.com/700x394/outline?bg=D98D63&i=e6825b4baaeba4c51f770a974200273b
量子コンピューターの基本：未来のコンピューティングを理解しよう,2023/7/26,207470,11772,309,v_733022,https://doodleipsum.com/700x394/outline?bg=D96363&i=f04b406cfb99d08a441a1fbb4257cde2
Pythonで作るシンプルなチャットボット：AIの第一歩,2023/10/19,164105,12571,1093,v_977236,https://doodleipsum.com/700x394/outline?bg=D96363&i=645d2db1f8992c831b3de908271f67e0
自宅でできるIoTプロジェクト5選：簡単ガジェット作成,2024/6/30,282708,13753,1202,v_614023,https://doodleipsum.com/700x394/outline?bg=6392D9&i=f8a74ae4a8ad490a6bf32b86c9d1a55e
PythonとOpenCVで画像処理を学ぼう,2023/3/17,52888,2724,423,v_398871,https://doodleipsum.com/700x394/outline?bg=7463D9&i=ffd2040efe1ce06a127b90441fe179a1
量子ビットって何？量子コンピューターの仕組みを解説,2023/6/1,242471,7722,1265,v_889265,https://doodleipsum.com/700x394/abstract?bg=D98D63&i=3c3a259ced051ff05ebf18363560f8a3
機械学習アルゴリズムを理解する：Pythonで学ぶ決定木,2023/4/3,172994,11758,250,v_289079,https://doodleipsum.com/700x394/hand-drawn?bg=825DEB&i=0b3f4112a9c5e358c439c4be74380e54
IoTセンサーの使い方：ArduinoとRaspberry Piで始める,2024/4/11,369784,892,279,v_657806,https://doodleipsum.com/700x394/outline?bg=EB765D&i=3b9de5636429d0147d4bfbc1ca68f8d3
Pythonで自動化！毎日のタスクをスクリプトで効率化,2024/1/20,236740,14618,66,v_502468,https://doodleipsum.com/700x394/outline?bg=3D27F6&i=5a105086f9bab9ec715d0b754201e37a
量子コンピューターが変える未来：その影響を考察,2023/4/13,143466,15852,1545,v_408270,https://doodleipsum.com/700x394/hand-drawn?bg=C863D9&i=f5931496cf584811638922f93f22a95d
Pythonで学ぶ自然言語処理：テキストデータの分析と応用,2023/3/8,117637,4950,1597,v_384385,https://doodleipsum.com/700x394/abstract?bg=63C8D9&i=f8b1abea359b643310916a38aa0b0562
Raspberry Piで作る簡単IoTプロジェクト：実用的なガジェット,2023/11/10,344310,7063,618,v_773272,https://doodleipsum.com/700x394/outline?bg=C863D9&i=3f25bcd064dc8da19324f6a503265bdc
量子コンピューター vs 伝統的コンピューター：違いを比較,2024/6/5,420373,9602,694,v_725805,https://doodleipsum.com/700x394/outline?bg=3D27F6&i=14b83c48d3595629cf96d4230a02e134
Pythonでデータサイエンス：基本的な統計分析と可視化,2023/1/25,59701,10919,767,v_956070,https://doodleipsum.com/700x394/outline?bg=EB765D&i=566963028248d8e0f2d09efbe0dbf06b
IoTとAIの融合：次世代のスマートシステムとは？,2023/1/12,458961,19777,219,v_112926,https://doodleipsum.com/700x394/outline?bg=63C8D9&i=16ed303df970b74f6a8b26f9a2ee629a
量子コンピューターで解く難問：シミュレーションの実例,2024/6/17,198839,15804,1247,v_884581,https://doodleipsum.com/700x394/outline?bg=63C8D9&i=ab73c64a06c5bc119fec6e11c637f4a3
Pythonで機械学習モデルを構築しよう：初心者向けチュートリアル,2023/7/6,425032,18122,700,v_832374,https://doodleipsum.com/700x394/outline?bg=C863D9&i=78c1008acb8423ba7bb22d8788a709ad
IoTのセキュリティ：デバイスを守るための基本知識,2024/2/7,79275,13605,1247,v_286293,https://doodleipsum.com/700x394/hand-drawn?bg=825DEB&i=12c311d929c2018e65a887d1294561f1
PythonとFlaskでウェブアプリを作ろう,2023/12/21,292756,7777,228,v_336952,https://doodleipsum.com/700x394/hand-drawn?bg=C863D9&i=7c56f6031bdeda1cc6e77df4f6ca900b
量子コンピューターが得意な問題とは？具体例を解説,2023/5/14,426833,15115,1762,v_287512,https://doodleipsum.com/700x394/hand-drawn?bg=7463D9&i=b34e28737fc2bcc8bb02281628d4234b
Pythonで作る簡単なゲーム：プログラミング入門,2023/7/9,282568,18608,1181,v_916068,https://doodleipsum.com/700x394/hand-drawn?bg=7463D9&i=ddd91f0b487862509a1ac54fda8747fb
IoTデバイスを遠隔操作：Pythonで作るスマートシステム,2023/6/10,98544,1225,1462,v_988902,https://doodleipsum.com/700x394/outline?bg=63C8D9&i=5493adbcd8a47597df8e1fc4b1b87733
量子暗号とは？未来のセキュリティ技術を探る,2023/3/6,16058,16497,1128,v_830932,https://doodleipsum.com/700x394/hand-drawn?bg=63C8D9&i=549fd6b2ac4a1320244488c557a12015
Pythonで始めるデータクレンジング：データ前処理の基本,2024/5/26,348355,10466,543,v_136889,https://doodleipsum.com/700x394/hand-drawn?bg=6392D9&i=3de254e93689d39a8f902419b6d6b557
IoTで農業を効率化！スマートファーミングの実例,2023/7/24,150616,5555,384,v_370250,https://doodleipsum.com/700x394/hand-drawn?bg=D96363&i=735390aff0a6d994facef12bd0b715df
量子コンピューターで最適化問題を解いてみよう,2023/2/21,316878,13840,1367,v_551373,https://doodleipsum.com/700x394/hand-drawn?bg=D98D63&i=9017c2472875bf885d375a06407bd5d0
Pythonで機械学習：ニューラルネットワークを構築する,2023/8/1,300720,3413,1015,v_751169,https://doodleipsum.com/700x394/outline?bg=D96363&i=7c2cbd1331c698a37772d991d8901eda
IoTで作るスマートガーデン：植物の自動水やりシステム,2023/6/15,137012,17649,1284,v_300277,https://doodleipsum.com/700x394/flat?bg=63C8D9&i=3ef0cf1c1efad610d14be190784df582
Pythonで作る顔認識アプリ：ディープラーニングの実装,2023/4/11,300744,17136,325,v_149327,https://doodleipsum.com/700x394/outline?bg=6392D9&i=3dc0d730d8f80c174a5a4d230c1c4941
